{
    "$schema": "https://schema.management.azure.com/schemas/2019-04-01/deploymentTemplate.json#",
    "contentVersion": "1.0.0.0",
    "parameters": {
        "vmSize": {
            "type": "string",
            "defaultValue": "Standard_D2s_v3",
            "metadata": {
                "description": "VM size"
            }
        },
        "vmName": {
            "type": "string",
            "defaultValue": "arclab-winvm",
            "metadata": {
                "description": "VM name prefix"
            }
        },
        "vmCount": {
            "type": "int",
            "defaultValue": 2,
            "metadata": {
                "description": "Number of VMs"
            }
        },
        "adminUsername": {
            "type": "string",
            "defaultValue": "arclabadmin",
            "metadata": {
                "description": "VM username"
            }
        },
        "adminPassword": {
            "type": "securestring",
            "metadata": {
                "description": "VM admin password"
            }
        },
        "windowsOSVersion": {
            "type": "string",
            "defaultValue": "2022-datacenter-g2",
            "metadata": {
                "description": "VM image"
            }
        },
        "location": {
            "type": "string",
            "defaultValue": "[resourceGroup().location]",
            "metadata": {
                "description": "VM Azure region"
            }
        },
        "deployBastion": {
            "type": "bool",
            "defaultValue": false,
            "metadata": {
                "description": "Azure Bastion deployment"
            }
        },
        "bastionHostName": {
            "type": "string",
            "defaultValue": "arclab-bastion",
            "metadata": {
                "description": "Azure Bastion host name"
            }
        },
        "virtualNetworkName": {
            "type": "string",
            "defaultValue": "arclab-vnet",
            "metadata": {
                "description": "VNet name"
            }
        },
        "subnetName": {
            "type": "string",
            "defaultValue": "subnet0",
            "metadata": {
                "description": "VNet subnet name"
            }
        },
        "networkSecurityGroupName": {
            "type": "string",
            "defaultValue": "arclab-nsg",
            "metadata": {
                "description": "Network security group name"
            }
        },
        "resourceTags": {
            "type": "object",
            "defaultValue": {
                "Project": "arclab_azure_arc_servers"
            }
        }
    },
    "variables": {
        "bastionSubnetName": "AzureBastionSubnet",
        "subnetRef": "[resourceId('Microsoft.Network/virtualNetworks/subnets', parameters('virtualNetworkName'), parameters('subnetName'))]",
        "bastionSubnetRef": "[resourceId('Microsoft.Network/virtualNetworks/subnets', parameters('virtualNetworkName'), variables('bastionSubnetName'))]",
        "osDiskType": "Standard_LRS",
        "subnetAddressPrefix": "10.0.0.0/24",
        "addressPrefix": "10.0.0.0/16",
        "bastionSubnetIpPrefix": "10.0.1.64/26"
    },
    "resources": [
        {
            "name": "[concat(parameters('vmName'),copyIndex())]",
            "copy": {
                "name": "VMcopy",
                "count": "[parameters('vmCount')]"
            },
            "type": "Microsoft.Compute/virtualMachines",
            "apiVersion": "2019-03-01",
            "location": "[parameters('location')]",
            "comments": "Creating VMs",
            "dependsOn": [
                "[concat(parameters('vmName'),copyIndex(),'-nic')]"
            ],
            "properties": {
                "osProfile": {
                    "computerName": "[concat(parameters('vmName'),copyIndex())]",
                    "adminUsername": "[parameters('adminUsername')]",
                    "adminPassword": "[parameters('adminPassword')]",
                    "windowsConfiguration": {
                        "provisionVMAgent": true,
                        "enableAutomaticUpdates": false
                    }
                },
                "hardwareProfile": {
                    "vmSize": "[parameters('vmSize')]"
                },
                "storageProfile": {
                    "imageReference": {
                        "publisher": "MicrosoftWindowsServer",
                        "offer": "WindowsServer",
                        "sku": "[parameters('windowsOSVersion')]",
                        "version": "latest"
                    },
                    "osDisk": {
                        "name": "[concat(parameters('vmName'),copyIndex(),'-OSDisk')]",
                        "caching": "ReadWrite",
                        "createOption": "fromImage",
                        "managedDisk": {
                            "storageAccountType": "[variables('osDiskType')]"
                        }
                    },
                    "dataDisks": []
                },
                "networkProfile": {
                    "networkInterfaces": [
                        {
                            "properties": {
                                "primary": true
                            },
                            "id": "[resourceId('Microsoft.Network/networkInterfaces', concat(parameters('vmName'),copyIndex(),'-nic'))]"
                        }
                    ]
                }
            }
        },
        {
            "name": "[concat(parameters('vmName'),copyIndex(),'-nic')]",
            "condition": "[parameters('deployBastion')]",
            "copy":{
                "name": "nicCopy",
                "count": "[parameters('vmCount')]"
            },
            "type": "Microsoft.Network/networkInterfaces",
            "apiVersion": "2018-10-01",
            "location": "[parameters('location')]",
            "comments": "Primary NIC",
            "dependsOn": [
                "[resourceId('Microsoft.Network/virtualNetworks', parameters('virtualNetworkName'))]"
            ],
            "properties": {
                "ipConfigurations": [
                    {
                        "name": "ipconfig1",
                        "properties": {
                            "subnet": {
                                "id": "[variables('subnetRef')]"
                            },
                            "privateIPAllocationMethod": "Dynamic"
                        }
                    }
                ]
            }
        },
        {
            "name": "[concat(parameters('vmName'),copyIndex(),'-nic')]",
            "condition": "[not(parameters('deployBastion'))]",
            "copy":{
                "name": "nicCopy",
                "count": "[parameters('vmCount')]"
            },
            "type": "Microsoft.Network/networkInterfaces",
            "apiVersion": "2018-10-01",
            "location": "[parameters('location')]",
            "comments": "Primary NIC",
            "dependsOn": [
                "[resourceId('Microsoft.Network/virtualNetworks', parameters('virtualNetworkName'))]",
                "[concat(parameters('vmName'),copyIndex(),'-pip')]"
            ],
            "properties": {
                "ipConfigurations": [
                    {
                        "name": "ipconfig1",
                        "properties": {
                            "subnet": {
                                "id": "[variables('subnetRef')]"
                            },
                            "privateIPAllocationMethod": "Dynamic",
                            "publicIPAddress": {
                                "id": "[resourceId('Microsoft.Network/publicIPAddresses', concat(parameters('vmName'), copyIndex(), '-pip'))]"
                            }
                        }
                    }
                ]
            }
        },
        {
            "type": "Microsoft.Network/networkSecurityGroups",
            "apiVersion": "2019-02-01",
            "name": "[parameters('networkSecurityGroupName')]",
            "location": "[parameters('location')]"
        },
        {
            "type": "Microsoft.Network/networkSecurityGroups/securityRules",
            "apiVersion": "2022-05-01",
            "condition": "[not(parameters('deployBastion'))]",
            "dependsOn": [ "[resourceId('Microsoft.Network/networkSecurityGroups/', parameters('networkSecurityGroupName'))]" ],
            "name": "[concat(parameters('networkSecurityGroupName'),'/allow_RDP_3389')]",
            "properties": {
                "priority": 1001,
                "protocol": "TCP",
                "access": "Allow",
                "direction": "Inbound",
                "sourceAddressPrefix": "*",
                "sourcePortRange": "*",
                "destinationAddressPrefix": "*",
                "destinationPortRange": "3389"
            }
        },
        {
            "type": "Microsoft.Network/virtualNetworks",
            "apiVersion": "2019-04-01",
            "name": "[parameters('virtualNetworkName')]",
            "location": "[parameters('location')]",
            "dependsOn": [
                "[resourceId('Microsoft.Network/networkSecurityGroups/', parameters('networkSecurityGroupName'))]"
            ],
            "properties": {
                "addressSpace": {
                    "addressPrefixes": [
                        "[variables('addressPrefix')]"
                    ]
                },
                "subnets": [
                    {
                        "name": "[parameters('subnetName')]",
                        "properties": {
                            "addressPrefix": "[variables('subnetAddressPrefix')]",
                            "privateEndpointNetworkPolicies": "Enabled",
                            "privateLinkServiceNetworkPolicies": "Enabled",
                            "networkSecurityGroup": {
                               "id" : "[resourceId('Microsoft.Network/networkSecurityGroups/', parameters('networkSecurityGroupName'))]"
                            }
                        }
                    },
                    {
                        "name" : "AzureBastionSubnet",
                        "properties": {
                            "addressPrefix": "[variables('bastionSubnetIpPrefix')]"
                        }
                    }
                ]
            }
        },
        {
            "name": "[concat(parameters('vmName'), copyIndex(), '-pip')]",
            "condition": "[not(parameters('deployBastion'))]",
            "copy":{
                "name": "pipCopy",
                "count": "[parameters('vmCount')]"
            },
            "type": "Microsoft.Network/publicIpAddresses",
            "apiVersion": "2019-02-01",
            "location": "[parameters('location')]",
            "comments": "Primary PIP",
            "properties": {
                "publicIpAllocationMethod": "Static",
                "publicIPAddressVersion": "IPv4",
                "idleTimeoutInMinutes": 4
            },
            "sku": {
                "name": "Basic"
            }
        },
        {
            "name": "[concat(parameters('bastionHostName'), '-pip')]",
            "type": "Microsoft.Network/publicIPAddresses",
            "condition": "[parameters('deployBastion')]",
            "apiVersion": "2019-02-01",
            "location": "[parameters('location')]",
            "properties": {
                "publicIPAllocationMethod": "Static",
                "publicIPAddressVersion": "IPv4",
                "idleTimeoutInMinutes": 4
            },
            "sku": {
                "name": "Standard"
            }
        },
        {
            "type": "Microsoft.Network/bastionHosts",
            "condition": "[parameters('deployBastion')]",
            "name": "[parameters('bastionHostName')]",
            "location": "[parameters('location')]",
            "apiVersion": "2020-11-01",
            "dependsOn": [
                "[resourceId('Microsoft.Network/virtualNetworks', parameters('virtualNetworkName'))]",
                "[resourceId('Microsoft.Network/publicIPAddresses', concat(parameters('bastionHostName'), '-pip'))]"
            ],
            "properties": {
                "ipConfigurations": [
                    {
                        "name": "IpConf",
                        "properties": {
                            "subnet": {
                                "id": "[variables('bastionSubnetRef')]"
                            },
                            "publicIPAddress": {
                                "id": "[resourceId('Microsoft.Network/publicIPAddresses', concat(parameters('bastionHostName'), '-pip'))]"
                            }
                        }
                     }
                ]
            }
        }       
    ],
    "outputs": {
    }
}